"SampleID","genotypes","freq"
"3D7_100Kb_S103","I_G_K_A_N_C_S",1
"3D7_10ka_S56","I_G_K_A_N_C_S",1
"3D7_10kb_S152","I_G_K_A_N_C_S",1
"3D7-100K_S7_L001","I_G_K_A_N_C_S",1
"3D7-100K_S8_L001","I_G_K_A_N_C_S",1
"3D7-100Ka_S7_L001","I_G_K_A_N_C_S",1
"3D7-100kf_S79_L001","I_G_K_A_N_C_S",1
"3D7-10k_S56_L001","I_G_K_A_N_C_S",1
"3D7-10kf_S72_L001","I_G_K_A_N_C_S",1
"3D7-Dd2-k13-60-40-100K_S68_L001","I_G_K_A_I_R_[N_T]",0.44922
"3D7-Dd2-k13-60-40-100K_S68_L001","I_G_K_A_N_C_S",0.514992222222222
"3D7-Dd2-k13-60-40-100K_S88_L001","I_G_E_A_I_R_[N_T]",0.33501
"3D7-Dd2-k13-60-40-100K_S88_L001","I_G_K_A_N_C_S",0.438956666666667
"3D7-Dd2-k13-60-40-100Ka_S52_L001","I_G_K_A_I_R_[N_T]",0.455277777777778
"3D7-Dd2-k13-60-40-100Ka_S52_L001","I_G_K_A_N_C_S",0.511833333333333
"3D7-Dd2-k13-75-25-100K_S67_L001","I_G_K_A_I_R_[N_T]",0.451294444444444
"3D7-Dd2-k13-75-25-100K_S67_L001","I_G_K_A_N_C_S",0.5074
"3D7-Dd2-k13-75-25-100K_S87_L001","I_G_E_A_I_R_[N_T]",0.327913333333333
"3D7-Dd2-k13-75-25-100K_S87_L001","I_G_K_A_N_C_S",0.441162222222222
"3D7-Dd2-k13-75-25-100Ka_S51_L001","I_G_K_A_I_R_[N_T]",0.452601111111111
"3D7-Dd2-k13-75-25-100Ka_S51_L001","I_G_K_A_N_C_S",0.51187
"3D7-Dd2-k13-90-10-100K_S66_L001","I_G_K_A_I_R_[N_T]",0.454883333333333
"3D7-Dd2-k13-90-10-100K_S66_L001","I_G_K_A_N_C_S",0.513095555555556
"3D7-Dd2-k13-90-10-100K_S86_L001","I_A_K_A_N_C_[N_T]",0.108898888888889
"3D7-Dd2-k13-90-10-100K_S86_L001","I_G_E_A_I_R_[N_T]",0.182785555555556
"3D7-Dd2-k13-90-10-100K_S86_L001","I_G_K_A_N_C_S",0.255171111111111
"3D7-Dd2-k13-90-10-100Ka_S50_L001","I_G_K_A_I_R_[N_T]",0.4555
"3D7-Dd2-k13-90-10-100Ka_S50_L001","I_G_K_A_N_C_S",0.511933333333333
"3D7-Dd2-k13-95-5-100K_S65_L001","I_G_K_A_N_C_S",1
"3D7-Dd2-k13-95-5-100K_S85_L001","I_G_K_A_I_R_[N_T]",0.446717777777778
"3D7-Dd2-k13-95-5-100K_S85_L001","I_G_K_A_N_C_S",0.508728888888889
"3D7-Dd2-k13-95-5-100Ka_S49_L001","I_G_K_A_N_C_S",1
"3D7-Dd2-k13-98-2-100K_S48_L001","I_G_K_A_N_C_S",1
"3D7-Dd2-k13-98-2-100K_S84_L001","I_G_E_A_N_R_[N_T]",0.388826666666667
"3D7-Dd2-k13-98-2-100K_S84_L001","I_G_K_A_N_C_S",0.521304444444444
"3D7-HB3-10-90-10K_S76_L001","I_G_K_A_I_R_[N_T]",0.516376666666667
"3D7-HB3-10-90-10K_S76_L001","I_G_K_A_N_C_[N_T]",0.45282
"3D7-HB3-10-90-10K_S94_L001","I_G_E_A_I_R_[N_T]",1
"3D7-HB3-10-90-10Ka_S60_L001","I_G_E_A_N_C_[N_T]",1
"3D7-HB3-2-98-10K_S78_L001","I_G_K_A_I_R_[N_T]",1
"3D7-HB3-2-98-10K_S96_L001","I_G_E_A_I_R_[N_T]",1
"3D7-HB3-2-98-10Ka_S62_L001","I_G_E_A_I_R_[N_T]",1
"3D7-HB3-25-75-10K_S75_L001","I_G_E_A_I_C_[N_T]",1
"3D7-HB3-25-75-10K_S93_L001","I_G_E_A_I_R_[N_T]",1
"3D7-HB3-25-75-10Ka_S59_L001","I_G_K_A_I_R_[N_T]",1
"3D7-HB3-5-95-10K_S77_L001","I_G_K_A_I_R_[N_T]",0.527924444444444
"3D7-HB3-5-95-10K_S77_L001","I_G_K_A_N_C_[N_T]",0.464475555555556
"3D7-HB3-5-95-10K_S95_L001","I_G_E_A_I_R_[N_T]",1
"3D7-HB3-5-95-10Ka_S61_L001","I_G_K_A_I_R_[N_T]",0.535834444444444
"3D7-HB3-5-95-10Ka_S61_L001","I_G_K_A_I_C_[N_T]",0.464165555555556
"3D7-HB3-50-50-10K_S74_L001","I_A_K_A_N_C_[N_T]",0.402993333333333
"3D7-HB3-50-50-10K_S74_L001","I_G_K_A_N_C_S",0.514803333333333
"3D7-HB3-50-50-10K_S92_L001","I_G_E_A_I_R_[N_T]",1
"3D7-HB3-50-50-10Ka_S58_L001","I_A_K_A_N_C_[N_T]",0.432805555555556
"3D7-HB3-50-50-10Ka_S58_L001","I_G_K_A_N_C_S",0.531301111111111
"3D7-HB3-75-25-10K_S73_L001","I_A_K_A_N_R_[N_T]",0.229508888888889
"3D7-HB3-75-25-10K_S73_L001","I_G_K_A_N_C_S",0.407178888888889
"3D7-HB3-75-25-10K_S91_L001","I_G_E_A_I_R_[N_T]",0.315596666666667
"3D7-HB3-75-25-10K_S91_L001","I_G_K_A_N_C_S",0.436385555555556
"3D7-HB3-75-25-10Ka_S57_L001","I_A_K_A_N_C_[N_T]",0.424781111111111
"3D7-HB3-75-25-10Ka_S57_L001","I_G_K_A_N_C_S",0.531505555555556
"3D7-HB3-90-10-10K_S70_L001","I_A_K_A_N_C_[N_T]",0.435196666666667
"3D7-HB3-90-10-10K_S70_L001","I_G_K_A_N_C_S",0.53285
"3D7-HB3-90-10-10K_S90_L001","I_G_E_A_I_R_[N_T]",0.510861111111111
"3D7-HB3-90-10-10K_S90_L001","I_G_E_A_N_C_[N_T]",0.481761111111111
"3D7-HB3-90-10-10Ka_S54_L001","I_A_K_A_N_C_S",0.443768888888889
"3D7-HB3-90-10-10Ka_S54_L001","I_G_K_A_N_C_S",0.556231111111111
"3D7-HB3-95-5-10K_S69_L001","I_G_K_A_N_C_S",1
"3D7-HB3-95-5-10K_S89_L001","I_G_E_A_I_R_[N_T]",0.516568888888889
"3D7-HB3-95-5-10K_S89_L001","I_G_E_A_I_R_S",0.483431111111111
"3D7-HB3-95-5-10Ka_S53_L001","I_G_K_A_N_C_S",1
"3D7100_S56_L001","I_A_K_A_N_C_[N_T]",0.197054444444444
"3D7100_S56_L001","I_G_K_A_I_R_[N_T]",0.305363333333333
"3D7100_S56_L001","I_G_K_A_N_C_S",0.297971111111111
"D10-Density-10","I_A_E_A_N_C_[N_T]",0.426745555555556
"D10-Density-10","I_A_K_A_N_C_S",0.430567777777778
"D10-Density-100","I_A_E_A_N_C_S",0.497027777777778
"D10-Density-100","I_A_K_A_N_C_S",0.502972222222222
"D10-Density-10K","I_A_K_A_N_C_S",1
"D10-Density-1K","I_A_E_A_N_C_S",0.448455555555556
"D10-Density-1K","I_A_K_A_N_C_[N_T]",0.470944444444444
"DD2_K539T_100ka_S7","I_G_K_A_I_R_[N_T]",1
"Dd2-10","I_G_K_A_I_R_[N_T]",1
"Dd2-10-1","I_G_K_A_I_R_[N_T]",1
"Dd2-10-2","I_G_K_A_I_R_[N_T]",1
"Dd2-100","I_G_K_A_I_R_[N_T]",1
"Dd2-100-1","I_G_K_A_I_R_[N_T]",1
"Dd2-100-2","I_G_K_A_I_R_[N_T]",1
"Dd2-10K","I_G_K_A_I_R_[N_T]",1
"Dd2-10K_S56_L001","I_G_K_A_I_R_[N_T]",1
"Dd2-10K-1","I_G_K_A_I_R_[N_T]",1
"Dd2-10K-2","I_G_K_A_I_R_[N_T]",1
"Dd2-1K-1","I_G_K_A_I_R_[N_T]",1
"Dd2-1K-2","I_G_K_A_I_R_[N_T]",1
"DS2-DC1-10","I_G_E_A_I_R_[N_T]",1
"DS2-DC1-100","I_G_E_A_I_R_[N_T]",1
"DS2-DC1-10K","I_G_E_A_I_R_[N_T]",1
"DS2-DC1-1K","I_G_E_A_I_R_[N_T]",1
"DS2-DC2-10","I_G_E_A_I_R_[N_T]",0.515956666666667
"DS2-DC2-10","I_G_E_A_I_R_S",0.484043333333333
"DS2-DC2-100","I_G_E_A_I_R_[N_T]",1
"DS2-DC2-10K","I_G_E_A_I_R_[N_T]",1
"DS2-DC2-1K","I_G_E_A_I_R_[N_T]",1
"DS2-DC3-10","I_G_E_A_I_R_[N_T]",1
"DS2-DC3-100","I_G_E_A_I_R_[N_T]",1
"DS2-DC3-10K","I_G_E_A_I_R_[N_T]",1
"DS2-DC3-1K","I_G_E_A_I_R_[N_T]",1
"DS2-DC4-10","I_G_E_A_I_R_[N_T]",1
"DS2-DC4-100","I_G_E_A_I_R_[N_T]",1
"DS2-DC4-10K","I_G_E_A_I_R_[N_T]",1
"DS2-DC4-1K","I_G_E_A_I_R_[N_T]",1
"DS2-DC5-10","I_G_E_A_I_R_[N_T]",1
"DS2-DC5-100","I_G_E_A_I_R_[N_T]",0.479511111111111
"DS2-DC5-100","I_G_K_A_I_R_[N_T]",0.520488888888889
"DS2-DC5-10K","I_G_E_A_I_R_[N_T]",0.48348
"DS2-DC5-10K","I_G_K_A_I_R_[N_T]",0.51652
"DS2-DC5-1K","I_G_E_A_I_R_[N_T]",0.478598888888889
"DS2-DC5-1K","I_G_K_A_I_R_[N_T]",0.521401111111111
"HB3-Density-10","I_A_E_G_N_C_[N_T]",0.483921111111111
"HB3-Density-10","I_A_K_A_N_C_[N_T]",0.506357777777778
"HB3-Density-100","I_A_E_A_N_C_[N_T]",0.488235555555556
"HB3-Density-100","I_A_K_A_N_C_[N_T]",0.511764444444444
"HB3-Density-10K","I_A_K_A_N_C_[N_T]",1
"HB3-Density-1K","I_A_E_A_N_C_[N_T]",0.488124444444444
"HB3-Density-1K","I_A_K_A_N_C_[N_T]",0.511875555555556
"N3D7_100a_S56","I_G_K_A_N_C_S",1
"N3D7_100d_S283","I_G_K_A_N_C_S",1
"N3D7_100Ka_S7","I_G_K_A_N_C_S",1
"N3D7_100Ka_S7_L001","I_G_K_A_N_C_S",1
"N3D7_100Kb_S101","I_G_K_A_N_C_S",1
"N3D7_100Kb_S102","I_G_K_A_N_C_S",1
"N3D7_100Kb_S103","I_G_K_A_N_C_S",1
"N3D7_100Kc_S185","I_G_K_A_N_C_S",1
"N3D7_100Kc_S197","I_G_K_A_N_C_S",1
"N3D7_100Kc_S199","I_G_K_A_N_C_S",1
"N3D7_10ka_S56","I_G_K_A_N_C_S",1
"N3D7_10ka_S56_L001","I_G_K_A_N_C_S",1
"N3D7_10kb_S150","I_G_K_A_N_C_S",1
"N3D7_10kb_S151","I_G_K_A_N_C_S",1
"N3D7_10kb_S152","I_G_K_A_N_C_S",1
"N3D7_10kc_S234","I_G_K_A_N_C_S",1
"N3D7_10kc_S244","I_G_K_A_N_C_S",1
"N3D7_10kc_S248","I_G_K_A_N_C_S",1
"N3D7_10kc_S248_L001","I_G_K_A_N_C_S",1
"N3D7_1Ka_S7","I_G_K_A_N_C_S",1
"N3D7_Dd2_k13_0_S162","I_G_K_A_I_R_[N_T]",1
"N3D7_Dd2_k13_1_S161","I_G_K_A_I_R_[N_T]",1
"N3D7_Dd2_k13_10_S158","I_G_K_A_I_R_[N_T]",0.527541111111111
"N3D7_Dd2_k13_10_S158","I_G_K_A_N_C_[N_T]",0.465828888888889
"N3D7_Dd2_k13_100_S146","I_G_K_A_N_C_S",1
"N3D7_Dd2_k13_2_S160","I_G_K_A_I_R_[N_T]",1
"N3D7_Dd2_k13_25_S157","I_G_K_A_I_R_[N_T]",0.450997777777778
"N3D7_Dd2_k13_25_S157","I_G_K_A_N_C_S",0.506518888888889
"N3D7_Dd2_k13_40_S156","I_G_K_A_I_R_[N_T]",0.456648888888889
"N3D7_Dd2_k13_40_S156","I_G_K_A_N_C_S",0.508421111111111
"N3D7_Dd2_k13_5_S159","I_G_K_A_I_R_[N_T]",0.528046666666667
"N3D7_Dd2_k13_5_S159","I_G_K_A_N_C_[N_T]",0.465568888888889
"N3D7_Dd2_k13_50_S155","I_G_K_A_I_R_[N_T]",0.453737777777778
"N3D7_Dd2_k13_50_S155","I_G_K_A_N_C_S",0.511922222222222
"N3D7_Dd2_k13_60_S154","I_G_K_A_I_R_[N_T]",0.456817777777778
"N3D7_Dd2_k13_60_S154","I_G_K_A_N_C_S",0.510083333333333
"N3D7_Dd2_k13_75_S153","I_G_K_A_I_R_S",0.435525555555556
"N3D7_Dd2_k13_75_S153","I_G_K_A_N_C_S",0.559266666666667
"N3D7_Dd2_k13_90_S150","I_G_K_A_I_R_S",0.436555555555556
"N3D7_Dd2_k13_90_S150","I_G_K_A_N_C_S",0.55754
"N3D7_Dd2_k13_95_S149","I_G_K_A_I_R_S",0.432575555555556
"N3D7_Dd2_k13_95_S149","I_G_K_A_N_C_S",0.560664444444444
"N3D7_Dd2_k13_98_S148","I_G_K_A_I_R_S",0.432675555555556
"N3D7_Dd2_k13_98_S148","I_G_K_A_N_C_S",0.561934444444444
"N3D7_Dd2_k13_99_S147","I_G_K_A_N_C_S",1
"N3D7-100K_S7_L001","I_G_K_A_N_C_S",1
"N3D7-10k_S56_L001","I_G_K_A_N_R_S",0.435728888888889
"N3D7-10k_S56_L001","I_G_K_A_N_C_S",0.564271111111111
"N3D7100_S137","I_G_K_A_N_C_S",1
"N3D7100a_S56","I_G_K_A_N_C_S",1
"N3D7100c_S248","I_G_K_A_N_C_S",1
"N3D7100c_S272","I_G_K_A_N_C_S",1
"N3D7100d_S279","I_G_K_A_N_C_S",1
"N3D7100d_S322","I_G_K_A_N_C_S",1
"N3D7100K_a_S7","I_G_K_A_N_C_S",1
"N3D7100K_S7_L001","I_G_K_A_N_C_S",1
"N3D7100Ka_S7","I_G_K_A_N_C_S",1
"N3D7100KA_S7","I_G_K_A_I_R_[N_T]",1
"N3D7100Kb_S103","I_G_K_A_N_C_S",1
"N3D7100Kc_S199","I_G_K_A_N_C_S",1
"N3D7100KD_S208","I_G_K_A_N_C_S",1
"N3D7100Ke_S329","I_G_K_A_N_C_S",1
"N3D710k_S56_L001","I_G_K_A_N_C_S",1
"N3D710ka_S56","I_G_K_A_N_C_S",1
"N3D710kA_S56","I_G_K_A_I_R_[N_T]",1
"N3D710kb_S152","I_G_K_A_N_C_S",1
"N3D710kc_S248","I_G_K_A_N_C_S",1
"N3D710Kd_S320","I_G_K_A_N_C_S",1
"N3D71K_d_S196","I_G_K_A_N_C_S",1
"N3D71K_S90","I_G_K_A_N_C_S",1
"N3D71Ka_S7","I_G_K_A_N_C_S",1
"N3D71KC_S192","I_G_K_A_N_C_S",1
"N3D7plusHB3_k131_99_S194","I_A_K_A_N_C_[N_T]",0.508862222222222
"N3D7plusHB3_k131_99_S194","I_G_K_A_N_C_[N_T]",0.491137777777778
"N3D7plusHB3_k1310_90_S191","I_A_K_A_N_C_[N_T]",0.419094444444444
"N3D7plusHB3_k1310_90_S191","I_G_K_A_N_C_S",0.51803
"N3D7plusHB3_k13100_S181","I_G_K_A_N_C_S",1
"N3D7plusHB3_k13100i_S195","I_A_K_A_N_C_[N_T]",1
"N3D7plusHB3_k132_98_S193","I_A_K_A_N_C_[N_T]",1
"N3D7plusHB3_k1325_75_S190","I_A_K_A_N_C_[N_T]",0.428425555555556
"N3D7plusHB3_k1325_75_S190","I_G_K_A_N_C_S",0.524728888888889
"N3D7plusHB3_k1340_60_S189","I_A_K_A_N_C_[N_T]",0.416294444444444
"N3D7plusHB3_k1340_60_S189","I_G_K_A_N_C_S",0.523055555555555
"N3D7plusHB3_k135_95_S192","I_A_K_A_N_C_[N_T]",1
"N3D7plusHB3_k1350_50_S188","I_A_K_A_N_C_[N_T]",0.43013
"N3D7plusHB3_k1350_50_S188","I_G_K_A_N_C_S",0.528552222222222
"N3D7plusHB3_k1375_25_S186","I_A_K_A_N_C_[N_T]",0.398054444444444
"N3D7plusHB3_k1375_25_S186","I_G_K_A_N_C_S",0.505317777777778
"N3D7plusHB3_k1390_10_S185","I_A_K_A_N_C_S",0.439661111111111
"N3D7plusHB3_k1390_10_S185","I_G_K_A_N_C_S",0.560338888888889
"N3D7plusHB3_k1395_5_S184","I_G_K_A_N_C_S",1
"N3D7plusHB3_k1399_1_S182","I_G_K_A_N_C_S",1
"N3DplusHB3_k1360_40_S187","I_A_K_A_N_C_[N_T]",0.428808888888889
"N3DplusHB3_k1360_40_S187","I_G_K_A_N_C_S",0.532897777777778
"NDd2_100Kb_S103_L001","I_G_K_A_I_R_[N_T]",1
"NDd2_100Kc_S199_L001","I_G_K_A_I_R_[N_T]",1
"NDd2_10kb_S152_L001","I_G_K_A_I_R_[N_T]",1
"NDD2_D3_S201","I_A_K_A_N_C_[N_T]",0.451972222222222
"NDD2_D3_S201","I_G_K_A_I_R_[N_T]",0.499772222222222
"NDD2_D4_S202","I_A_K_A_N_C_[N_T]",1
"NDd2-100k_S95_L001","I_G_K_A_I_R_[N_T]",1
"NDd2-10k_S96_L001","I_G_K_A_I_R_[N_T]",0.452363333333333
"NDd2-10k_S96_L001","I_G_K_A_N_C_S",0.513824444444444
"NDd2100Ka_S7","I_G_K_A_I_R_[N_T]",1
"NDd2100Kb_S103","I_G_K_A_I_R_[N_T]",1
"NDd2100KB_S96","I_G_K_A_I_R_[N_T]",1
"NDd2100Kc_S199","I_G_K_A_N_C_S",1
"NDd210ka_S56","I_G_K_A_I_R_[N_T]",1
"NDd210kB_S145","I_G_K_A_I_R_[N_T]",1
"NDd210kb_S152","I_G_K_A_I_R_[N_T]",1
"NDd210kD_S255","I_G_K_A_I_R_[N_T]",1
"NDd21Kc_S199","I_G_K_A_I_R_[N_T]",1
"NDd21Kd_S295","I_G_K_A_I_R_[N_T]",1
"NDd21Kd_S322","I_G_K_A_I_R_[N_T]",1
"NFIND_1_S277","V_G_K_G_I_R_[N_T]",0.465666666666667
"NFIND_1_S277","I_G_K_A_I_R_[N_T]",0.5308
"NFIND_2_S278","I_G_K_A_I_R_[N_T]",1
"NFIND_3_S279","I_G_E_G_I_C_[N_T]",1
"NFIND_4_S280","I_G_E_G_I_C_[N_T]",1
"NFIND_6_S123","V_G_K_G_I_R_[N_T]",1
"QS1-QC4-10","I_G_E_A_I_R_[N_T]",1
"QS1-QC4-100","I_A_K_A_N_C_[N_T]",0.190816666666667
"QS1-QC4-100","I_G_K_A_I_R_[N_T]",0.311137777777778
"QS1-QC4-100","I_G_K_A_N_C_S",0.304005555555556
"QS1-QC4-10K","I_A_K_A_N_C_[N_T]",0.119186666666667
"QS1-QC4-10K","I_G_E_A_I_R_[N_T]",0.158087777777778
"QS1-QC4-10K","I_G_K_A_N_C_S",0.263732222222222
"QS1-QC4-1K","I_A_K_A_N_C_[N_T]",0.107878888888889
"QS1-QC4-1K","I_G_E_A_I_R_[N_T]",0.177915555555556
"QS1-QC4-1K","I_G_K_A_N_C_S",0.23247
"TS2-TC1-10","I_A_K_A_N_C_[N_T]",0.165691111111111
"TS2-TC1-10","I_G_K_A_I_R_[N_T]",0.318984444444444
"TS2-TC1-10","I_G_K_A_N_C_S",0.284288888888889
"TS2-TC1-100","I_A_K_A_N_C_[N_T]",0.181825555555556
"TS2-TC1-100","I_G_K_A_I_R_[N_T]",0.314121111111111
"TS2-TC1-100","I_G_K_A_N_C_S",0.29284
"TS2-TC1-10K","I_A_K_A_N_C_[N_T]",0.179434444444444
"TS2-TC1-10K","I_G_K_A_I_R_[N_T]",0.309197777777778
"TS2-TC1-10K","I_G_K_A_N_C_S",0.295483333333333
"TS2-TC1-1K","I_A_K_A_N_C_[N_T]",0.154138888888889
"TS2-TC1-1K","I_G_K_A_I_R_[N_T]",0.318867777777778
"TS2-TC1-1K","I_G_K_A_N_C_S",0.287721111111111
